<?xml version="1.0" encoding="UTF-8"?>
<project-private xmlns="http://www.netbeans.org/ns/project-private/1">
    <editor-bookmarks xmlns="http://www.netbeans.org/ns/editor-bookmarks/2" lastBookmarkId="0"/>
    <open-files xmlns="http://www.netbeans.org/ns/projectui-open-files/2">
        <group>
            <file>file:/C:/Users/Lenovo/OneDrive/Desktop/project-6/projectprac/web/META-INF/context.xml</file>
            <file>file:/C:/Users/Lenovo/OneDrive/Desktop/project-6/projectprac/web/patients.jsp</file>
            <file>file:/C:/Users/Lenovo/OneDrive/Desktop/project-6/projectprac/web/logout.jsp</file>
            <file>file:/C:/Users/Lenovo/OneDrive/Desktop/project-6/projectprac/web/register_patient.jsp</file>
            <file>file:/C:/Users/Lenovo/OneDrive/Desktop/project-6/projectprac/web/patient_page.jsp</file>
            <file>file:/C:/Users/Lenovo/OneDrive/Desktop/project-6/projectprac/src/java/ConnectionDao.java</file>
            <file>file:/C:/Users/Lenovo/OneDrive/Desktop/project-6/projectprac/web/add_dept_validation.jsp</file>
            <file>file:/C:/Users/Lenovo/OneDrive/Desktop/project-6/projectprac/web/index.jsp</file>
            <file>file:/C:/Users/Lenovo/OneDrive/Desktop/project-6/projectprac/web/login_failed.jsp</file>
            <file>file:/C:/Users/Lenovo/OneDrive/Desktop/project-6/projectprac/src/java/PatientRegistrationServlet.java</file>
            <file>file:/C:/Users/Lenovo/OneDrive/Desktop/project-6/projectprac/web/register_patient_validation.jsp</file>
            <file>file:/C:/Users/Lenovo/OneDrive/Desktop/project-6/projectprac/web/add_patients_validation.jsp</file>
        </group>
    </open-files>
</project-private>
